_id,fullname,email,username,sub_domain,ext_path,ext_log,tieu_de,mo_ta,link_hinh,type_display,ext_id
0,Ng V A,ngva@asdasdas.com,ngva,ngva.yourdomain.love,0,http://ooooo.com,tieu de 0,mo ta 0,https://scontent.fsgn5-15.fna.fbcdn.net/v/t39.30808-6/356803837_592743936306720_4513107991575473041_n.jpg?stp=dst-jpg_p526x296&_nc_cat=1&ccb=1-7&_nc_sid=730e14&_nc_ohc=R_1NeQHnbpgAX8SIDpV&_nc_ht=scontent.fsgn5-15.fna&oh=00_AfBhb8H2rGFrsSQJEJc6h7Y5qkt1ioaKaU92aBmLKSdifg&oe=64A1DA49,Video,0
1,Ng V B,ngvb@a12312dasdas.com,ngvb,ngvb.yourdomain.love,1,http://1111111.com,tieu de 1,mo ta 1,https://scontent.fsgn5-15.fna.fbcdn.net/v/t39.30808-6/356645683_572610388400729_108289504836665762_n.jpg?stp=dst-jpg_p526x296&_nc_cat=1&ccb=1-7&_nc_sid=8bfeb9&_nc_ohc=WSZlsabx4hQAX9XKTwH&_nc_ht=scontent.fsgn5-15.fna&oh=00_AfDNOLuul-h6iQRsNfm0SJZFDH5q7kFb5xsZT9MwcNM34Q&oe=64A2D249,Video,0
2,hello hi,asd@werwe.com,hello,hello.yourdomain.love,5592saXKEs,https://www.facebook.com/,asd s asd 123123 dsa,fasd f sd sdf 123  gfd,https://scontent.fsgn5-6.fna.fbcdn.net/v/t39.30808-6/356895914_648504470655492_3231588805979212450_n.jpg?stp=dst-jpg_p526x296&_nc_cat=108&ccb=1-7&_nc_sid=730e14&_nc_ohc=GXBHTVTAK6sAX8gwfbZ&_nc_ht=scontent.fsgn5-6.fna&oh=00_AfAXFvHzoHE5ze1zoGQ8EAfhm23o-QhTBReE16LM2i6SFA&oe=64A122FA,website,0
3,nguyenvan q,asdqwe@asfsdfsd.vn,as,as.yourdomain.love,6ug1Cn5UCw,https://www.facebook.com/,asd s asd 123123 dsa,fasd f sd sdf 123  gfd,https://scontent.fsgn5-15.fna.fbcdn.net/v/t39.30808-6/356882805_811692180315982_2094828961062402598_n.jpg?stp=dst-jpg_p526x296&_nc_cat=1&ccb=1-7&_nc_sid=730e14&_nc_ohc=eZrq8Dm-GcIAX_6A_KB&_nc_ht=scontent.fsgn5-15.fna&oh=00_AfA3AqK_XBEgNmyaYk2AlRRur_eLubUzBNLnni_O4C5l3A&oe=64A2EE94,article,0
4,12312312sdasd asdas12313,asda@gdfgdf.nt,helloworldspecialcharacters,helloworldspecialcharacters.yourdomain.love,B3Eg5KP3tm,https://www.facebook.com/friends,asd s asd 123123 dsa,fasd f sd sdf 123  gfd,https://scontent.fsgn5-15.fna.fbcdn.net/v/t39.30808-6/355882940_821246709368708_3411217022503816228_n.jpg?stp=dst-jpg_p526x296&_nc_cat=1&ccb=1-7&_nc_sid=8bfeb9&_nc_ohc=mzrdPEcBgmIAX8Jz2fv&_nc_ht=scontent.fsgn5-15.fna&oh=00_AfAzM92yaq6nQnyYHS7vhCzaiy4HIQgWG46o_80fOux4kA&oe=64A33567,article,0
5,asda hiasds,asd@werwe.co,asd,asd.yourdomain.love,QObgwQSG2r,https://www.facebook.com/friends,asd s asd 123123 dsa,fasd f sd sdf 123  gfd,https://scontent.fsgn5-6.fna.fbcdn.net/v/t39.30808-6/356895914_648504470655492_3231588805979212450_n.jpg?stp=dst-jpg_p526x296&_nc_cat=108&ccb=1-7&_nc_sid=730e14&_nc_ohc=GXBHTVTAK6sAX8gwfbZ&_nc_ht=scontent.fsgn5-6.fna&oh=00_AfAXFvHzoHE5ze1zoGQ8EAfhm23o-QhTBReE16LM2i6SFA&oe=64A122FA,video,0
6,nguyenvan hiasds,asdqwe@asfsdfsd.vn,sdsgsfgas34,sdsgsfgas34.yourdomain.love,qIAUb3r7O6,https://www.facebook.com/friends,asd s asd 123123 dsa,fasd f sd sdf 123  gfd,https://scontent.fsgn5-15.fna.fbcdn.net/v/t39.30808-6/355882940_821246709368708_3411217022503816228_n.jpg?stp=dst-jpg_p526x296&_nc_cat=1&ccb=1-7&_nc_sid=8bfeb9&_nc_ohc=mzrdPEcBgmIAX8Jz2fv&_nc_ht=scontent.fsgn5-15.fna&oh=00_AfAzM92yaq6nQnyYHS7vhCzaiy4HIQgWG46o_80fOux4kA&oe=64A33567,video,0
7,dfsfasdf fasdfasdf,asdqwe@asfsdfsd.vn,asdfsdfwere,asdfsdfwere.yourdomain.love,tAqukXrFpo,https://www.facebook.com/friends,asd s asd 123123 dsa,fasd f sd sdf 123  gfd,https://scontent.fsgn5-6.fna.fbcdn.net/v/t39.30808-6/356895914_648504470655492_3231588805979212450_n.jpg?stp=dst-jpg_p526x296&_nc_cat=108&ccb=1-7&_nc_sid=730e14&_nc_ohc=GXBHTVTAK6sAX8gwfbZ&_nc_ht=scontent.fsgn5-6.fna&oh=00_AfAXFvHzoHE5ze1zoGQ8EAfhm23o-QhTBReE16LM2i6SFA&oe=64A122FA,website,0
8,helloasd hiasds,asda@gdfgdf.nt,listofregisteredusersandtheirsubdomains,listofregisteredusersandtheirsubdomains.yourdomain.love,iASrUkowCB,https://www.facebook.com/friends,List of registered users and their Subdomains,List of registered users and their Subdomains,https://scontent.fsgn5-15.fna.fbcdn.net/v/t39.30808-6/356882805_811692180315982_2094828961062402598_n.jpg?stp=dst-jpg_p526x296&_nc_cat=1&ccb=1-7&_nc_sid=730e14&_nc_ohc=eZrq8Dm-GcIAX_6A_KB&_nc_ht=scontent.fsgn5-15.fna&oh=00_AfA3AqK_XBEgNmyaYk2AlRRur_eLubUzBNLnni_O4C5l3A&oe=64A2EE94,website,0
9,fitname lastnam,asdasd@dasdas.com,sdfsdf,sdfsdf.yourdomain.love,EhHdtAAnJS,https://www.facebook.com/friends, Nguyen van sdfss  et 342asdad sda  esjhdjf, afGSDAKSD YP9QY RFA,https://scontent.fsgn5-15.fna.fbcdn.net/v/t39.30808-6/356882805_811692180315982_2094828961062402598_n.jpg?stp=dst-jpg_p526x296&_nc_cat=1&ccb=1-7&_nc_sid=730e14&_nc_ohc=eZrq8Dm-GcIAX_6A_KB&_nc_ht=scontent.fsgn5-15.fna&oh=00_AfA3AqK_XBEgNmyaYk2AlRRur_eLubUzBNLnni_O4C5l3A&oe=64A2EE94,website,0
